--
-- PostgreSQL database dump
--

-- Dumped from database version 12.2
-- Dumped by pg_dump version 13.0

SET statement_timeout = 0;
SET lock_timeout = 0;
SET idle_in_transaction_session_timeout = 0;
SET client_encoding = 'UTF8';
SET standard_conforming_strings = on;
SELECT pg_catalog.set_config('search_path', '', false);
SET check_function_bodies = false;
SET xmloption = content;
SET client_min_messages = warning;
SET row_security = off;

SET default_tablespace = '';

SET default_table_access_method = heap;

--
-- Name: auteurs; Type: TABLE; Schema: public; Owner: -
--

CREATE TABLE public.auteurs (
    persnum integer NOT NULL,
    publinum integer NOT NULL,
    numordre smallint,
    matriculauteur integer
);


--
-- Name: auteurs_persnum_seq; Type: SEQUENCE; Schema: public; Owner: -
--

CREATE SEQUENCE public.auteurs_persnum_seq
    AS integer
    START WITH 1
    INCREMENT BY 1
    NO MINVALUE
    NO MAXVALUE
    CACHE 1;


--
-- Name: auteurs_persnum_seq; Type: SEQUENCE OWNED BY; Schema: public; Owner: -
--

ALTER SEQUENCE public.auteurs_persnum_seq OWNED BY public.auteurs.persnum;


--
-- Name: conference; Type: TABLE; Schema: public; Owner: -
--

CREATE TABLE public.conference (
    refconference character varying(50) NOT NULL,
    nomconf character varying(50),
    paysconf character varying(50),
    publinum integer
);


--
-- Name: contacts; Type: TABLE; Schema: public; Owner: -
--

CREATE TABLE public.contacts (
    idcontact integer NOT NULL,
    civilcontac character varying(8),
    nomcontac character varying(50),
    prencontac character varying(50),
    telcontac character varying(16),
    faxcontac character varying(16),
    mailcontac character varying(100),
    codorg integer
);


--
-- Name: contacts_idcontact_seq; Type: SEQUENCE; Schema: public; Owner: -
--

CREATE SEQUENCE public.contacts_idcontact_seq
    AS integer
    START WITH 1
    INCREMENT BY 1
    NO MINVALUE
    NO MAXVALUE
    CACHE 1;


--
-- Name: contacts_idcontact_seq; Type: SEQUENCE OWNED BY; Schema: public; Owner: -
--

ALTER SEQUENCE public.contacts_idcontact_seq OWNED BY public.contacts.idcontact;


--
-- Name: contrasuivi; Type: TABLE; Schema: public; Owner: -
--

CREATE TABLE public.contrasuivi (
    contnum integer NOT NULL,
    idcontact integer NOT NULL
);


--
-- Name: contrasuivi_contnum_seq; Type: SEQUENCE; Schema: public; Owner: -
--

CREATE SEQUENCE public.contrasuivi_contnum_seq
    AS integer
    START WITH 1
    INCREMENT BY 1
    NO MINVALUE
    NO MAXVALUE
    CACHE 1;


--
-- Name: contrasuivi_contnum_seq; Type: SEQUENCE OWNED BY; Schema: public; Owner: -
--

ALTER SEQUENCE public.contrasuivi_contnum_seq OWNED BY public.contrasuivi.contnum;


--
-- Name: contrat; Type: TABLE; Schema: public; Owner: -
--

CREATE TABLE public.contrat (
    contnum integer NOT NULL,
    contdebut date,
    montant bigint,
    projnom character varying(8)
);


--
-- Name: contrat_contnum_seq; Type: SEQUENCE; Schema: public; Owner: -
--

CREATE SEQUENCE public.contrat_contnum_seq
    AS integer
    START WITH 1
    INCREMENT BY 1
    NO MINVALUE
    NO MAXVALUE
    CACHE 1;


--
-- Name: contrat_contnum_seq; Type: SEQUENCE OWNED BY; Schema: public; Owner: -
--

ALTER SEQUENCE public.contrat_contnum_seq OWNED BY public.contrat.contnum;


--
-- Name: dev_proj; Type: TABLE; Schema: public; Owner: -
--

CREATE TABLE public.dev_proj (
    equipnum integer NOT NULL,
    projnom character varying(8) NOT NULL,
    porteur boolean
);


--
-- Name: dev_proj_equipnum_seq; Type: SEQUENCE; Schema: public; Owner: -
--

CREATE SEQUENCE public.dev_proj_equipnum_seq
    AS integer
    START WITH 1
    INCREMENT BY 1
    NO MINVALUE
    NO MAXVALUE
    CACHE 1;


--
-- Name: dev_proj_equipnum_seq; Type: SEQUENCE OWNED BY; Schema: public; Owner: -
--

ALTER SEQUENCE public.dev_proj_equipnum_seq OWNED BY public.dev_proj.equipnum;


--
-- Name: domaines; Type: TABLE; Schema: public; Owner: -
--

CREATE TABLE public.domaines (
    domainnum integer NOT NULL,
    "désignation" character varying(50)
);


--
-- Name: domaines_domainnum_seq; Type: SEQUENCE; Schema: public; Owner: -
--

CREATE SEQUENCE public.domaines_domainnum_seq
    AS integer
    START WITH 1
    INCREMENT BY 1
    NO MINVALUE
    NO MAXVALUE
    CACHE 1;


--
-- Name: domaines_domainnum_seq; Type: SEQUENCE OWNED BY; Schema: public; Owner: -
--

ALTER SEQUENCE public.domaines_domainnum_seq OWNED BY public.domaines.domainnum;


--
-- Name: equipes; Type: TABLE; Schema: public; Owner: -
--

CREATE TABLE public.equipes (
    equipnum integer NOT NULL,
    equipnom character varying(50),
    datecreation date
);


--
-- Name: equipes_equipnum_seq; Type: SEQUENCE; Schema: public; Owner: -
--

CREATE SEQUENCE public.equipes_equipnum_seq
    AS integer
    START WITH 1
    INCREMENT BY 1
    NO MINVALUE
    NO MAXVALUE
    CACHE 1;


--
-- Name: equipes_equipnum_seq; Type: SEQUENCE OWNED BY; Schema: public; Owner: -
--

ALTER SEQUENCE public.equipes_equipnum_seq OWNED BY public.equipes.equipnum;


--
-- Name: financement; Type: TABLE; Schema: public; Owner: -
--

CREATE TABLE public.financement (
    contnum integer NOT NULL,
    codorg integer NOT NULL,
    apport bigint
);


--
-- Name: financement_contnum_seq; Type: SEQUENCE; Schema: public; Owner: -
--

CREATE SEQUENCE public.financement_contnum_seq
    AS integer
    START WITH 1
    INCREMENT BY 1
    NO MINVALUE
    NO MAXVALUE
    CACHE 1;


--
-- Name: financement_contnum_seq; Type: SEQUENCE OWNED BY; Schema: public; Owner: -
--

ALTER SEQUENCE public.financement_contnum_seq OWNED BY public.financement.contnum;


--
-- Name: journal; Type: TABLE; Schema: public; Owner: -
--

CREATE TABLE public.journal (
    refjournal character varying(50) NOT NULL,
    catjournal character varying(50),
    nomjournal character varying(50),
    publinum integer
);


--
-- Name: membres; Type: TABLE; Schema: public; Owner: -
--

CREATE TABLE public.membres (
    persnum integer NOT NULL,
    persnom character varying(50),
    persprenom character varying(50),
    statut character varying(16),
    grade integer,
    respequip character varying,
    equipnum integer
);


--
-- Name: membres_persnum_seq; Type: SEQUENCE; Schema: public; Owner: -
--

CREATE SEQUENCE public.membres_persnum_seq
    AS integer
    START WITH 1
    INCREMENT BY 1
    NO MINVALUE
    NO MAXVALUE
    CACHE 1;


--
-- Name: membres_persnum_seq; Type: SEQUENCE OWNED BY; Schema: public; Owner: -
--

ALTER SEQUENCE public.membres_persnum_seq OWNED BY public.membres.persnum;


--
-- Name: organisme; Type: TABLE; Schema: public; Owner: -
--

CREATE TABLE public.organisme (
    codorg integer NOT NULL,
    nomorg character varying(16),
    adrorg character varying(100),
    qualif character varying(16)
);


--
-- Name: organisme_codorg_seq; Type: SEQUENCE; Schema: public; Owner: -
--

CREATE SEQUENCE public.organisme_codorg_seq
    AS integer
    START WITH 1
    INCREMENT BY 1
    NO MINVALUE
    NO MAXVALUE
    CACHE 1;


--
-- Name: organisme_codorg_seq; Type: SEQUENCE OWNED BY; Schema: public; Owner: -
--

ALTER SEQUENCE public.organisme_codorg_seq OWNED BY public.organisme.codorg;


--
-- Name: participproj; Type: TABLE; Schema: public; Owner: -
--

CREATE TABLE public.participproj (
    persnum integer NOT NULL,
    projnom character varying(8) NOT NULL,
    tauxparticip integer
);


--
-- Name: participproj_persnum_seq; Type: SEQUENCE; Schema: public; Owner: -
--

CREATE SEQUENCE public.participproj_persnum_seq
    AS integer
    START WITH 1
    INCREMENT BY 1
    NO MINVALUE
    NO MAXVALUE
    CACHE 1;


--
-- Name: participproj_persnum_seq; Type: SEQUENCE OWNED BY; Schema: public; Owner: -
--

ALTER SEQUENCE public.participproj_persnum_seq OWNED BY public.participproj.persnum;


--
-- Name: projet; Type: TABLE; Schema: public; Owner: -
--

CREATE TABLE public.projet (
    projnom character varying(8) NOT NULL,
    projdebut date,
    projduree integer,
    persnum integer,
    domainnum integer
);


--
-- Name: publications; Type: TABLE; Schema: public; Owner: -
--

CREATE TABLE public.publications (
    publinum integer NOT NULL,
    titre character varying(256),
    publidate date,
    libelle_type character varying(15),
    code_type integer,
    projnom character varying(8)
);


--
-- Name: publications_publinum_seq; Type: SEQUENCE; Schema: public; Owner: -
--

CREATE SEQUENCE public.publications_publinum_seq
    AS integer
    START WITH 1
    INCREMENT BY 1
    NO MINVALUE
    NO MAXVALUE
    CACHE 1;


--
-- Name: publications_publinum_seq; Type: SEQUENCE OWNED BY; Schema: public; Owner: -
--

ALTER SEQUENCE public.publications_publinum_seq OWNED BY public.publications.publinum;


--
-- Name: revue; Type: TABLE; Schema: public; Owner: -
--

CREATE TABLE public.revue (
    refrevue character varying(50) NOT NULL,
    nomrevue character varying(50),
    porteerevue character varying(50),
    langrevue character varying(50),
    publinum integer
);


--
-- Name: auteurs persnum; Type: DEFAULT; Schema: public; Owner: -
--

ALTER TABLE ONLY public.auteurs ALTER COLUMN persnum SET DEFAULT nextval('public.auteurs_persnum_seq'::regclass);


--
-- Name: contacts idcontact; Type: DEFAULT; Schema: public; Owner: -
--

ALTER TABLE ONLY public.contacts ALTER COLUMN idcontact SET DEFAULT nextval('public.contacts_idcontact_seq'::regclass);


--
-- Name: contrasuivi contnum; Type: DEFAULT; Schema: public; Owner: -
--

ALTER TABLE ONLY public.contrasuivi ALTER COLUMN contnum SET DEFAULT nextval('public.contrasuivi_contnum_seq'::regclass);


--
-- Name: contrat contnum; Type: DEFAULT; Schema: public; Owner: -
--

ALTER TABLE ONLY public.contrat ALTER COLUMN contnum SET DEFAULT nextval('public.contrat_contnum_seq'::regclass);


--
-- Name: dev_proj equipnum; Type: DEFAULT; Schema: public; Owner: -
--

ALTER TABLE ONLY public.dev_proj ALTER COLUMN equipnum SET DEFAULT nextval('public.dev_proj_equipnum_seq'::regclass);


--
-- Name: domaines domainnum; Type: DEFAULT; Schema: public; Owner: -
--

ALTER TABLE ONLY public.domaines ALTER COLUMN domainnum SET DEFAULT nextval('public.domaines_domainnum_seq'::regclass);


--
-- Name: equipes equipnum; Type: DEFAULT; Schema: public; Owner: -
--

ALTER TABLE ONLY public.equipes ALTER COLUMN equipnum SET DEFAULT nextval('public.equipes_equipnum_seq'::regclass);


--
-- Name: financement contnum; Type: DEFAULT; Schema: public; Owner: -
--

ALTER TABLE ONLY public.financement ALTER COLUMN contnum SET DEFAULT nextval('public.financement_contnum_seq'::regclass);


--
-- Name: membres persnum; Type: DEFAULT; Schema: public; Owner: -
--

ALTER TABLE ONLY public.membres ALTER COLUMN persnum SET DEFAULT nextval('public.membres_persnum_seq'::regclass);


--
-- Name: organisme codorg; Type: DEFAULT; Schema: public; Owner: -
--

ALTER TABLE ONLY public.organisme ALTER COLUMN codorg SET DEFAULT nextval('public.organisme_codorg_seq'::regclass);


--
-- Name: participproj persnum; Type: DEFAULT; Schema: public; Owner: -
--

ALTER TABLE ONLY public.participproj ALTER COLUMN persnum SET DEFAULT nextval('public.participproj_persnum_seq'::regclass);


--
-- Name: publications publinum; Type: DEFAULT; Schema: public; Owner: -
--

ALTER TABLE ONLY public.publications ALTER COLUMN publinum SET DEFAULT nextval('public.publications_publinum_seq'::regclass);


--
-- Data for Name: auteurs; Type: TABLE DATA; Schema: public; Owner: -
--

COPY public.auteurs (persnum, publinum, numordre, matriculauteur) FROM stdin;
25	5	1	43
97	15	1	77
33	25	1	45
82	35	1	23
45	45	1	80
97	55	1	87
\.


--
-- Data for Name: conference; Type: TABLE DATA; Schema: public; Owner: -
--

COPY public.conference (refconference, nomconf, paysconf, publinum) FROM stdin;
60	Conference on Mobile Data Management	Espagne	35
10	Geographic Information Retrieval	Japon	25
30	Extraction Gestion de la Connaissance	France	55
\.


--
-- Data for Name: contacts; Type: TABLE DATA; Schema: public; Owner: -
--

COPY public.contacts (idcontact, civilcontac, nomcontac, prencontac, telcontac, faxcontac, mailcontac, codorg) FROM stdin;
100	Madame	LEUROPE	Maddly	0590898989	0590890000	mleurope@assemblee.cee	10
110	Monsieur	LAFRANCE	Marcel	0590898988	0590890000	mlafrance@assemblee.cee	10
200	Madame	BELREGION	Colette	0590909090	0590909000	cbelregion@region.gpe	20
210	Monsieur	KARUKER	Max	0590909092	0590909000	mkaruker@region.gpe	20
300	Monsieur	BELLO	Charles	0590999999	0590999900	cbello@departement.gpe	30
400	Madame	LUNION	Marie	0590707072	0590707000	mlunion@unesco.org	40
500	Monsieur	ORGAN	Wilson	0590777777	0590777700	worgan@onu.org	50
600	Madame	NORMANE	Lisa	0590666666	0590666600	lnormane@afnor.fr	60
700	Monsieur	STANELY	Oscar	0590555555	0590555500	ostanely@osi.org	70
800	Madame	SOCRATE	Odile	0590333333	0590333300	osocrate@medef.fr	80
\.


--
-- Data for Name: contrasuivi; Type: TABLE DATA; Schema: public; Owner: -
--

COPY public.contrasuivi (contnum, idcontact) FROM stdin;
10	100
10	200
20	300
20	210
20	110
30	400
40	100
40	500
50	600
50	110
50	500
60	200
70	700
80	800
80	100
90	500
100	700
35	100
60	110
70	100
95	110
100	110
35	200
\.


--
-- Data for Name: contrat; Type: TABLE DATA; Schema: public; Owner: -
--

COPY public.contrat (contnum, contdebut, montant, projnom) FROM stdin;
10	1999-03-01	150000	projxx
20	2000-05-04	1200000	projxz
30	2001-06-23	100000	projtu
35	2001-06-05	200000	projtu
40	2002-03-03	180000	projtt
50	1999-06-06	1500000	projab
60	2001-09-30	360000	projac
70	2001-10-02	120000	projkk
80	2000-03-30	1000000	projkl
90	2000-04-10	225000	projmp
95	2000-05-05	150000	projmp
100	2001-06-25	950000	projmo
\.


--
-- Data for Name: dev_proj; Type: TABLE DATA; Schema: public; Owner: -
--

COPY public.dev_proj (equipnum, projnom, porteur) FROM stdin;
901	projxx	t
707	projxz	t
102	projtu	t
405	projtt	t
306	projab	t
901	projab	f
204	projac	t
204	projkk	t
306	projkl	t
102	projkl	f
405	projmp	t
102	projmo	t
\.


--
-- Data for Name: domaines; Type: TABLE DATA; Schema: public; Owner: -
--

COPY public.domaines (domainnum, "désignation") FROM stdin;
1013	parallelisme
1504	reseaux de neuronnes
3209	traitement images
1510	techniques apprentissage
\.


--
-- Data for Name: equipes; Type: TABLE DATA; Schema: public; Owner: -
--

COPY public.equipes (equipnum, equipnom, datecreation) FROM stdin;
901	eq901	1992-10-15
707	eq707	1998-01-01
102	eq102	1989-03-23
405	eq405	1995-11-11
306	eq306	1996-06-06
204	eq204	1994-04-04
\.


--
-- Data for Name: financement; Type: TABLE DATA; Schema: public; Owner: -
--

COPY public.financement (contnum, codorg, apport) FROM stdin;
10	10	50000
10	20	40000
20	30	350000
20	20	350000
20	10	400000
30	40	48000
40	10	100000
40	50	60000
50	60	250000
50	10	500000
50	50	500000
60	20	240000
70	70	70000
80	80	200000
80	10	750000
90	50	200000
100	70	450000
35	10	150000
60	10	100000
70	10	50000
95	10	100000
100	10	300000
35	20	50000
\.


--
-- Data for Name: journal; Type: TABLE DATA; Schema: public; Owner: -
--

COPY public.journal (refjournal, catjournal, nomjournal, publinum) FROM stdin;
210	Pour la science	Trimestriel	15
220	International Journal of Image and Graphics	Mensuel	45
\.


--
-- Data for Name: membres; Type: TABLE DATA; Schema: public; Owner: -
--

COPY public.membres (persnum, persnom, persprenom, statut, grade, respequip, equipnum) FROM stdin;
25	dupont	tony	titulaire	4	true	901
31	durand	paul	vacataire	3	false	901
43	wilson	fred	stagiaire	5	false	901
77	key	kelly	titulaire	3	false	707
87	word	betty	contractuel	3	false	707
97	cell	coline	titulaire	2	true	707
47	pose	vick	vacataire	2	false	707
23	mouse	sildy	titulaire	3	true	102
29	drive	mary	vacataire	3	false	102
82	volt	francois	titulaire	3	false	102
72	watt	jonas	contractuel	1	false	102
62	kit	carol	contractuel	2	false	102
44	plat	bernard	titulaire	4	false	405
48	zoum	bob	stagiaire	5	false	405
24	win	david	titulaire	3	true	405
36	dow	july	contractuel	4	false	306
63	clave	stone	stagiaire	5	false	306
33	souris	line	titulaire	4	true	306
61	port	claude	vacataire	3	false	306
45	para	charles	titulaire	2	false	306
46	laye	holly	contractuel	1	false	306
12	pluton	sirius	vacataire	1	false	204
14	mars	may	titulaire	3	true	204
28	soleil	sarah	contractuel	4	false	204
42	venus	xconrad	contractuel	3	false	204
\.


--
-- Data for Name: organisme; Type: TABLE DATA; Schema: public; Owner: -
--

COPY public.organisme (codorg, nomorg, adrorg, qualif) FROM stdin;
10	CEE	30 av Europe 75016 Paris	Public
20	REGION	rue Quelquepart 97100 Basse-Terre	Public
30	DEPARTEMENT	rue Ailleurs 97100 Basse-Terre	Public
40	UNESCO	11 bd du Monde 75008 Paris	Public
50	ONU	22 av  Mondiale 75006 Paris	Public
60	AFNOR	9 rue Standard 75005 Paris	Public
70	OSI	6 av Normale 75009 Paris	Public
80	MEDEF	av des Entreprises 97122 Baie-Mahault	Prive
\.


--
-- Data for Name: participproj; Type: TABLE DATA; Schema: public; Owner: -
--

COPY public.participproj (persnum, projnom, tauxparticip) FROM stdin;
\.


--
-- Data for Name: projet; Type: TABLE DATA; Schema: public; Owner: -
--

COPY public.projet (projnom, projdebut, projduree, persnum, domainnum) FROM stdin;
projxx	1999-02-01	96	25	1013
projxz	2000-04-04	36	97	1013
projtu	2001-05-05	108	72	1504
projtt	2001-12-22	24	24	1504
projab	1999-03-19	48	33	1510
projac	2001-05-30	36	28	1510
projkk	2001-09-22	72	14	3209
projkl	2000-02-03	42	45	3209
projmp	2000-03-04	96	44	1013
projmo	2001-05-20	36	82	1013
\.


--
-- Data for Name: publications; Type: TABLE DATA; Schema: public; Owner: -
--

COPY public.publications (publinum, titre, publidate, libelle_type, code_type, projnom) FROM stdin;
5	PUBLI_05	1999-08-15	Revue	2	projxx
10	PUBLI_10	2003-08-15	Interne	4	projxz
15	PUBLI_15	2001-05-30	Journal	3	projxz
20	PUBLI_20	2004-05-30	Interne	4	projxx
25	PUBLI_25	1999-10-06	Conference	1	projab
30	PUBLI_30	2002-10-06	Interne	4	projab
35	PUBLI_35	2001-06-20	Conference	1	projmo
40	PUBLI_40	2003-06-20	Interne	4	projkk
45	PUBLI_45	2000-11-08	Journal	3	projkl
55	PUBLI_55	2000-05-15	Conference	1	projxz
\.


--
-- Data for Name: revue; Type: TABLE DATA; Schema: public; Owner: -
--

COPY public.revue (refrevue, nomrevue, porteerevue, langrevue, publinum) FROM stdin;
110	ACS Central Science	Internationale	Anglais	5
\.


--
-- Name: auteurs_persnum_seq; Type: SEQUENCE SET; Schema: public; Owner: -
--

SELECT pg_catalog.setval('public.auteurs_persnum_seq', 1, false);


--
-- Name: contacts_idcontact_seq; Type: SEQUENCE SET; Schema: public; Owner: -
--

SELECT pg_catalog.setval('public.contacts_idcontact_seq', 1, false);


--
-- Name: contrasuivi_contnum_seq; Type: SEQUENCE SET; Schema: public; Owner: -
--

SELECT pg_catalog.setval('public.contrasuivi_contnum_seq', 1, false);


--
-- Name: contrat_contnum_seq; Type: SEQUENCE SET; Schema: public; Owner: -
--

SELECT pg_catalog.setval('public.contrat_contnum_seq', 1, false);


--
-- Name: dev_proj_equipnum_seq; Type: SEQUENCE SET; Schema: public; Owner: -
--

SELECT pg_catalog.setval('public.dev_proj_equipnum_seq', 1, false);


--
-- Name: domaines_domainnum_seq; Type: SEQUENCE SET; Schema: public; Owner: -
--

SELECT pg_catalog.setval('public.domaines_domainnum_seq', 1, false);


--
-- Name: equipes_equipnum_seq; Type: SEQUENCE SET; Schema: public; Owner: -
--

SELECT pg_catalog.setval('public.equipes_equipnum_seq', 1, false);


--
-- Name: financement_contnum_seq; Type: SEQUENCE SET; Schema: public; Owner: -
--

SELECT pg_catalog.setval('public.financement_contnum_seq', 1, false);


--
-- Name: membres_persnum_seq; Type: SEQUENCE SET; Schema: public; Owner: -
--

SELECT pg_catalog.setval('public.membres_persnum_seq', 1, false);


--
-- Name: organisme_codorg_seq; Type: SEQUENCE SET; Schema: public; Owner: -
--

SELECT pg_catalog.setval('public.organisme_codorg_seq', 1, false);


--
-- Name: participproj_persnum_seq; Type: SEQUENCE SET; Schema: public; Owner: -
--

SELECT pg_catalog.setval('public.participproj_persnum_seq', 1, false);


--
-- Name: publications_publinum_seq; Type: SEQUENCE SET; Schema: public; Owner: -
--

SELECT pg_catalog.setval('public.publications_publinum_seq', 1, false);


--
-- Name: auteurs auteurs_pkey; Type: CONSTRAINT; Schema: public; Owner: -
--

ALTER TABLE ONLY public.auteurs
    ADD CONSTRAINT auteurs_pkey PRIMARY KEY (persnum, publinum);


--
-- Name: conference conference_pkey; Type: CONSTRAINT; Schema: public; Owner: -
--

ALTER TABLE ONLY public.conference
    ADD CONSTRAINT conference_pkey PRIMARY KEY (refconference);


--
-- Name: contacts contacts_pkey; Type: CONSTRAINT; Schema: public; Owner: -
--

ALTER TABLE ONLY public.contacts
    ADD CONSTRAINT contacts_pkey PRIMARY KEY (idcontact);


--
-- Name: contrasuivi contrasuivi_pkey; Type: CONSTRAINT; Schema: public; Owner: -
--

ALTER TABLE ONLY public.contrasuivi
    ADD CONSTRAINT contrasuivi_pkey PRIMARY KEY (contnum, idcontact);


--
-- Name: contrat contrat_pkey; Type: CONSTRAINT; Schema: public; Owner: -
--

ALTER TABLE ONLY public.contrat
    ADD CONSTRAINT contrat_pkey PRIMARY KEY (contnum);


--
-- Name: dev_proj dev_proj_pkey; Type: CONSTRAINT; Schema: public; Owner: -
--

ALTER TABLE ONLY public.dev_proj
    ADD CONSTRAINT dev_proj_pkey PRIMARY KEY (equipnum, projnom);


--
-- Name: domaines domaines_pkey; Type: CONSTRAINT; Schema: public; Owner: -
--

ALTER TABLE ONLY public.domaines
    ADD CONSTRAINT domaines_pkey PRIMARY KEY (domainnum);


--
-- Name: equipes equipes_pkey; Type: CONSTRAINT; Schema: public; Owner: -
--

ALTER TABLE ONLY public.equipes
    ADD CONSTRAINT equipes_pkey PRIMARY KEY (equipnum);


--
-- Name: financement financement_pkey; Type: CONSTRAINT; Schema: public; Owner: -
--

ALTER TABLE ONLY public.financement
    ADD CONSTRAINT financement_pkey PRIMARY KEY (contnum, codorg);


--
-- Name: journal journal_pkey; Type: CONSTRAINT; Schema: public; Owner: -
--

ALTER TABLE ONLY public.journal
    ADD CONSTRAINT journal_pkey PRIMARY KEY (refjournal);


--
-- Name: membres membres_pkey; Type: CONSTRAINT; Schema: public; Owner: -
--

ALTER TABLE ONLY public.membres
    ADD CONSTRAINT membres_pkey PRIMARY KEY (persnum);


--
-- Name: organisme organisme_pkey; Type: CONSTRAINT; Schema: public; Owner: -
--

ALTER TABLE ONLY public.organisme
    ADD CONSTRAINT organisme_pkey PRIMARY KEY (codorg);


--
-- Name: participproj participproj_pkey; Type: CONSTRAINT; Schema: public; Owner: -
--

ALTER TABLE ONLY public.participproj
    ADD CONSTRAINT participproj_pkey PRIMARY KEY (persnum, projnom);


--
-- Name: projet projet_pkey; Type: CONSTRAINT; Schema: public; Owner: -
--

ALTER TABLE ONLY public.projet
    ADD CONSTRAINT projet_pkey PRIMARY KEY (projnom);


--
-- Name: publications publications_pkey; Type: CONSTRAINT; Schema: public; Owner: -
--

ALTER TABLE ONLY public.publications
    ADD CONSTRAINT publications_pkey PRIMARY KEY (publinum);


--
-- Name: revue revue_pkey; Type: CONSTRAINT; Schema: public; Owner: -
--

ALTER TABLE ONLY public.revue
    ADD CONSTRAINT revue_pkey PRIMARY KEY (refrevue);


--
-- Name: auteurs fk_auteurs_persnum; Type: FK CONSTRAINT; Schema: public; Owner: -
--

ALTER TABLE ONLY public.auteurs
    ADD CONSTRAINT fk_auteurs_persnum FOREIGN KEY (persnum) REFERENCES public.membres(persnum);


--
-- Name: auteurs fk_auteurs_publinum; Type: FK CONSTRAINT; Schema: public; Owner: -
--

ALTER TABLE ONLY public.auteurs
    ADD CONSTRAINT fk_auteurs_publinum FOREIGN KEY (publinum) REFERENCES public.publications(publinum);


--
-- Name: conference fk_conference_publinum; Type: FK CONSTRAINT; Schema: public; Owner: -
--

ALTER TABLE ONLY public.conference
    ADD CONSTRAINT fk_conference_publinum FOREIGN KEY (publinum) REFERENCES public.publications(publinum);


--
-- Name: contacts fk_contacts_codorg; Type: FK CONSTRAINT; Schema: public; Owner: -
--

ALTER TABLE ONLY public.contacts
    ADD CONSTRAINT fk_contacts_codorg FOREIGN KEY (codorg) REFERENCES public.organisme(codorg);


--
-- Name: contrasuivi fk_contrasuivi_contnum; Type: FK CONSTRAINT; Schema: public; Owner: -
--

ALTER TABLE ONLY public.contrasuivi
    ADD CONSTRAINT fk_contrasuivi_contnum FOREIGN KEY (contnum) REFERENCES public.contrat(contnum);


--
-- Name: contrasuivi fk_contrasuivi_idcontact; Type: FK CONSTRAINT; Schema: public; Owner: -
--

ALTER TABLE ONLY public.contrasuivi
    ADD CONSTRAINT fk_contrasuivi_idcontact FOREIGN KEY (idcontact) REFERENCES public.contacts(idcontact);


--
-- Name: contrat fk_contrat_projnom; Type: FK CONSTRAINT; Schema: public; Owner: -
--

ALTER TABLE ONLY public.contrat
    ADD CONSTRAINT fk_contrat_projnom FOREIGN KEY (projnom) REFERENCES public.projet(projnom);


--
-- Name: dev_proj fk_dev_proj_equipnum; Type: FK CONSTRAINT; Schema: public; Owner: -
--

ALTER TABLE ONLY public.dev_proj
    ADD CONSTRAINT fk_dev_proj_equipnum FOREIGN KEY (equipnum) REFERENCES public.equipes(equipnum);


--
-- Name: dev_proj fk_dev_proj_projnom; Type: FK CONSTRAINT; Schema: public; Owner: -
--

ALTER TABLE ONLY public.dev_proj
    ADD CONSTRAINT fk_dev_proj_projnom FOREIGN KEY (projnom) REFERENCES public.projet(projnom);


--
-- Name: financement fk_financement_codorg; Type: FK CONSTRAINT; Schema: public; Owner: -
--

ALTER TABLE ONLY public.financement
    ADD CONSTRAINT fk_financement_codorg FOREIGN KEY (codorg) REFERENCES public.organisme(codorg);


--
-- Name: financement fk_financement_contnum; Type: FK CONSTRAINT; Schema: public; Owner: -
--

ALTER TABLE ONLY public.financement
    ADD CONSTRAINT fk_financement_contnum FOREIGN KEY (contnum) REFERENCES public.contrat(contnum);


--
-- Name: journal fk_journal_publinum; Type: FK CONSTRAINT; Schema: public; Owner: -
--

ALTER TABLE ONLY public.journal
    ADD CONSTRAINT fk_journal_publinum FOREIGN KEY (publinum) REFERENCES public.publications(publinum);


--
-- Name: membres fk_membres_equipnum; Type: FK CONSTRAINT; Schema: public; Owner: -
--

ALTER TABLE ONLY public.membres
    ADD CONSTRAINT fk_membres_equipnum FOREIGN KEY (equipnum) REFERENCES public.equipes(equipnum);


--
-- Name: participproj fk_participproj_persnum; Type: FK CONSTRAINT; Schema: public; Owner: -
--

ALTER TABLE ONLY public.participproj
    ADD CONSTRAINT fk_participproj_persnum FOREIGN KEY (persnum) REFERENCES public.membres(persnum);


--
-- Name: participproj fk_participproj_projnom; Type: FK CONSTRAINT; Schema: public; Owner: -
--

ALTER TABLE ONLY public.participproj
    ADD CONSTRAINT fk_participproj_projnom FOREIGN KEY (projnom) REFERENCES public.projet(projnom);


--
-- Name: projet fk_projet_domainnum; Type: FK CONSTRAINT; Schema: public; Owner: -
--

ALTER TABLE ONLY public.projet
    ADD CONSTRAINT fk_projet_domainnum FOREIGN KEY (domainnum) REFERENCES public.domaines(domainnum);


--
-- Name: projet fk_projet_persnum; Type: FK CONSTRAINT; Schema: public; Owner: -
--

ALTER TABLE ONLY public.projet
    ADD CONSTRAINT fk_projet_persnum FOREIGN KEY (persnum) REFERENCES public.membres(persnum);


--
-- Name: publications fk_publications_projnom; Type: FK CONSTRAINT; Schema: public; Owner: -
--

ALTER TABLE ONLY public.publications
    ADD CONSTRAINT fk_publications_projnom FOREIGN KEY (projnom) REFERENCES public.projet(projnom);


--
-- Name: revue fk_revue_publinum; Type: FK CONSTRAINT; Schema: public; Owner: -
--

ALTER TABLE ONLY public.revue
    ADD CONSTRAINT fk_revue_publinum FOREIGN KEY (publinum) REFERENCES public.publications(publinum);


--
-- PostgreSQL database dump complete
--

